排名（风险过滤后）,股票代码,股票名称,所属行业,得分,序号,满足条件,未满足条件（扣分项）,数据日期,收盘价,MA5,MA20,MA5上行,前20日平台最高价,平台突破幅度（%）,收盘突破前20日平台,RSI14,"KDJ_K(89,3,3)","KDJ_D(89,3,3)","KDJ_J(89,3,3)",最近MACD金叉日期,最近MACD金叉距今交易日数,最近KDJ健康金叉日期,最近KDJ健康金叉距今交易日数（0=当日）,KDJ金叉且状态良好,量比,当日成交额,换手率,估算流通市值（亿元）,当日涨跌幅,振幅,BIAS20,上影线比例,近3日十字星,近3日倒T字星,近3日吊颈线,近3日长上影阳线,近3日极端大阳线,收盘日内位置（%）,收盘位于日内高位,60日最高价,数据来源
1,000802,北京文化,R 文化传播,8.5,287,"站上5日线；站上20日线；RSI区间[49.1, 62.6]；MACD多头；KDJ金叉距今1-3个交易日且状态良好；日成交额≥1亿元；换手率5.4-10.7%；涨幅-2.7-10.1%",放量（量比1.8-3.8）（-1分）,2026-07-27,3.94,3.7340000000000004,3.6595,true,3.99,-1.253132832080207,false,54.31812886511996,18.854304705725564,15.418230280120568,25.726453556935553,2026-07-08,13,2026-07-22,3,true,1.6370868173106286,270632800,9.77,27.700388945752305,5.913978494623651,8.870967741935473,7.66498155485722,33.33333333333333,false,false,false,true,false,66.66666666666666,false,5.5,腾讯前复权日K回退（成交额、换手率已提供）
2,002724,海洋王,C 制造业,7.5,1205,"站上5日线；站上20日线；RSI区间[49.1, 62.6]；MACD多头；KDJ金叉距今1-3个交易日且状态良好；放量（量比1.8-3.8）；涨幅-2.7-10.1%",日成交额≥1亿元（-1分）；换手率5.4-10.7%（-1分）,2026-07-27,5.16,4.916,4.897,true,5.28,-2.2727272727272747,false,55.8116653964376,9.16811927932495,7.077360919831854,13.349635998311143,2026-07-01,18,2026-07-23,2,true,2.1316301687324235,66917100,2.31,28.968441558441558,5.954825462012314,8.00821355236139,5.370635082703694,23.07692307692306,false,false,false,false,false,76.92307692307693,true,7.22,腾讯前复权日K回退（成交额、换手率已提供）
3,002388,新亚制程,C 制造业,7.5,898,"站上5日线；站上20日线；RSI区间[49.1, 62.6]；MACD多头；KDJ金叉距今1-3个交易日且状态良好；日成交额≥1亿元；涨幅-2.7-10.1%",放量（量比1.8-3.8）（-1分）；换手率5.4-10.7%（-1分）,2026-07-27,4.8,4.14,4.49,true,5.67,-15.343915343915345,false,54.137529052993514,21.52704627293633,13.41708639143348,37.74696603594204,,,2026-07-23,2,true,1.5533084710332332,309866500,13.28,23.333320783132528,10.091743119266038,10.779816513761462,6.90423162583518,0,false,false,false,false,true,100,true,6.99,腾讯前复权日K回退（成交额、换手率已提供）
4,002246,北化股份,C 制造业,7.5,765,"站上5日线；站上20日线；RSI区间[49.1, 62.6]；MACD多头；KDJ金叉距今1-3个交易日且状态良好；日成交额≥1亿元；涨幅-2.7-10.1%",放量（量比1.8-3.8）（-1分）；换手率5.4-10.7%（-1分）,2026-07-27,20.11,18.898000000000003,18.391,true,19.74,1.8743667679837945,true,60.36864395563577,19.196571629899644,13.462883698724193,30.663947492250546,2026-07-13,10,2026-07-22,3,true,1.435482058449631,480952400,4.47,107.59561521252796,3.7132542547704928,6.859205776173294,9.34696318851613,2.255639097744443,false,false,false,false,false,97.74436090225555,true,27.15,腾讯前复权日K回退（成交额、换手率已提供）
5,002358,森源电气,C 制造业,7.5,869,"站上5日线；站上20日线；RSI区间[49.1, 62.6]；MACD多头；KDJ金叉距今1-3个交易日且状态良好；日成交额≥1亿元；涨幅-2.7-10.1%",放量（量比1.8-3.8）（-1分）；换手率5.4-10.7%（-1分）,2026-07-27,5.61,5.33,5.311,true,5.77,-2.7729636048526736,false,53.80649948120738,13.378428626113703,8.884943247802381,22.365399382736346,2026-07-15,8,2026-07-23,2,true,1.3096930505230722,260633200,5.06,51.50853754940712,2.9357798165137616,4.403669724770646,5.6298248917341445,4.166666666666574,false,false,false,false,true,95.83333333333343,true,8.01,腾讯前复权日K回退（成交额、换手率已提供）
6,001208,华菱线缆,C 制造业,7.5,419,站上5日线；站上20日线；MACD多头；KDJ金叉距今1-3个交易日且状态良好；日成交额≥1亿元；换手率5.4-10.7%；涨幅-2.7-10.1%,"RSI区间[49.1, 62.6]（-1分）；放量（量比1.8-3.8）（-1分）",2026-07-27,13.99,13.185999999999998,13.8495,true,16.07,-12.943372744243934,false,48.721202754293145,15.339275323493728,11.16040221831504,23.697021533851103,2026-07-24,1,2026-07-23,2,true,1.3056752813463128,425689800.00000006,9.79,43.482104187946895,3.937592867756301,6.686478454680538,1.014477056933459,1.111111111111087,false,false,false,false,true,98.88888888888891,true,20.78,腾讯前复权日K回退（成交额、换手率已提供）
7,000777,中核科技,C 制造业,7.5,267,"站上5日线；站上20日线；RSI区间[49.1, 62.6]；MACD多头；KDJ金叉距今1-3个交易日且状态良好；日成交额≥1亿元；涨幅-2.7-10.1%",放量（量比1.8-3.8）（-1分）；换手率5.4-10.7%（-1分）,2026-07-27,17.16,16.646,17.0915,true,19.44,-11.7283950617284,false,50.01936560467722,12.234158727990982,10.301156812385388,16.10016255920217,2026-07-24,1,2026-07-24,1,true,1.2032721027937072,210703500,3.27,64.43532110091743,3.187011425135311,6.79494888755261,0.4007840154462758,9.73451327433624,false,false,false,false,false,90.26548672566376,true,21.75,腾讯前复权日K回退（成交额、换手率已提供）
8,002030,达安基因,C 制造业,7.5,559,"站上5日线；站上20日线；RSI区间[49.1, 62.6]；MACD多头；KDJ金叉距今1-3个交易日且状态良好；日成交额≥1亿元；涨幅-2.7-10.1%",放量（量比1.8-3.8）（-1分）；换手率5.4-10.7%（-1分）,2026-07-27,5.37,5.242,5.1755,true,5.47,-1.828153564899445,false,51.85850328974643,15.77496274585936,14.498415472972264,18.328057291633552,2026-07-03,16,2026-07-22,3,true,1.0360044164306437,122343500,1.63,75.05736196319019,3.2692307692307576,3.8461538461538494,3.7580910056999253,20,false,false,false,false,false,80,true,7.79,腾讯前复权日K回退（成交额、换手率已提供）
9,002445,中南文化,C 制造业,7.5,951,"站上5日线；站上20日线；RSI区间[49.1, 62.6]；MACD多头；KDJ金叉距今1-3个交易日且状态良好；日成交额≥1亿元；涨幅-2.7-10.1%",放量（量比1.8-3.8）（-1分）；换手率5.4-10.7%（-1分）,2026-07-27,2.91,2.8020000000000005,2.7805,true,2.97,-2.0202020202020217,false,51.22805116675552,12.005041778656272,8.744471936140767,18.526181463687283,2026-07-14,9,2026-07-22,3,true,0.8950955929020423,147386900,2.18,67.60866972477064,4.3010752688172005,5.734767025089611,4.657435713001265,0,false,false,false,false,false,100,true,4.27,腾讯前复权日K回退（成交额、换手率已提供）
10,001376,百通能源,D 水电煤气,7.5,511,站上5日线；站上20日线；MACD多头；KDJ金叉距今1-3个交易日且状态良好；日成交额≥1亿元；换手率5.4-10.7%；涨幅-2.7-10.1%,"RSI区间[49.1, 62.6]（-1分）；放量（量比1.8-3.8）（-1分）",2026-07-27,10.14,9.975999999999999,10.035,true,10.97,-7.56608933454877,false,44.89382906877414,5.751764088361338,4.3770854472657605,8.501121370552495,2026-07-03,16,2026-07-22,3,true,0.858559978136196,120466900,5.64,21.359379432624113,3.7871033776867957,5.6294779938587585,1.0463378176382703,1.818181818181777,false,false,false,false,false,98.18181818181823,true,16.1,腾讯前复权日K回退（成交额、换手率已提供）
11,000506,招金黄金,B 采矿业,7.5,93,站上5日线；站上20日线；MACD多头；KDJ金叉距今1-3个交易日且状态良好；日成交额≥1亿元；换手率5.4-10.7%；涨幅-2.7-10.1%,"RSI区间[49.1, 62.6]（-1分）；放量（量比1.8-3.8）（-1分）",2026-07-27,12.72,12.553999999999998,12.622,true,14.8,-14.054054054054054,false,48.929303387830856,18.228077676949905,15.998541431406181,22.68715016803735,2026-07-23,2,2026-07-22,3,true,0.8457246426512016,838432899.9999999,7.17,116.93624825662481,5.6478405315614655,6.561461794019942,0.7764221201077544,32.911392405063225,false,false,false,true,false,67.08860759493678,false,17.28,腾讯前复权日K回退（成交额、换手率已提供）
12,002239,奥特佳,C 制造业,7.5,758,"站上5日线；站上20日线；RSI区间[49.1, 62.6]；MACD多头；KDJ金叉距今1-3个交易日且状态良好；日成交额≥1亿元；涨幅-2.7-10.1%",放量（量比1.8-3.8）（-1分）；换手率5.4-10.7%（-1分）,2026-07-27,2.48,2.4560000000000004,2.4505000000000003,true,2.56,-3.1250000000000027,false,50.5619907361954,13.320267069422142,12.120944302958614,15.718912602349196,2026-07-14,9,2026-07-23,2,true,0.8117095641340926,116664800,1.76,66.28681818181818,2.0576131687242816,2.469135802469138,1.2038359518465471,16.666666666667037,false,false,false,false,false,83.33333333333296,true,2.96,腾讯前复权日K回退（成交额、换手率已提供）
13,002408,齐翔腾达,C 制造业,7.5,918,"站上5日线；站上20日线；RSI区间[49.1, 62.6]；MACD多头；KDJ金叉距今1-3个交易日且状态良好；日成交额≥1亿元；涨幅-2.7-10.1%",放量（量比1.8-3.8）（-1分）；换手率5.4-10.7%（-1分）,2026-07-27,4.91,4.844,4.8549999999999995,true,5.19,-5.394990366088637,false,49.71863981220093,12.831112735295962,11.927800532548709,14.63773714079047,2026-07-01,18,2026-07-23,2,true,0.6478805513893839,127080300,0.95,133.76873684210528,2.2916666666666696,3.9583333333333233,1.1328527291452237,5.263157894736744,false,false,false,false,false,94.73684210526325,true,6.79,腾讯前复权日K回退（成交额、换手率已提供）
14,000428,华天酒店,H 住宿餐饮,7,84,"站上5日线；站上20日线；RSI区间[49.1, 62.6]；MACD多头；放量（量比1.8-3.8）；日成交额≥1亿元；涨幅-2.7-10.1%",KDJ金叉距今1-3个交易日且状态良好（-1.5分）；换手率5.4-10.7%（-1分）,2026-07-27,3.34,3.106,3.0985,true,3.26,2.4539877300613524,true,58.97689048468019,14.026653581436738,9.785388630919435,22.509183482471343,2026-07-06,15,,,false,3.075839720498018,117270200,3.5,33.50577142857143,9.868421052631572,5.921052631578938,7.794093916411161,0,false,false,false,false,true,100,true,3.95,腾讯前复权日K回退（成交额、换手率已提供）
15,002242,九阳股份,C 制造业,7,761,"站上5日线；站上20日线；RSI区间[49.1, 62.6]；MACD多头；放量（量比1.8-3.8）；日成交额≥1亿元；涨幅-2.7-10.1%",KDJ金叉距今1-3个交易日且状态良好（-1.5分）；换手率5.4-10.7%（-1分）,2026-07-27,8.88,8.35,8.209999999999999,true,8.65,2.6589595375722594,true,60.481102140612975,16.116778865546667,13.471343743091035,21.407649110457935,2026-07-01,18,,,false,2.7785588277041415,141459800,2.16,65.49064814814814,10.03717472118959,10.532837670384156,8.160779537149839,0,false,false,false,false,true,100,true,11.33,腾讯前复权日K回退（成交额、换手率已提供）
16,002012,凯恩股份,C 制造业,7,543,站上5日线；站上20日线；MACD多头；放量（量比1.8-3.8）；日成交额≥1亿元；换手率5.4-10.7%；涨幅-2.7-10.1%,"RSI区间[49.1, 62.6]（-1分）；KDJ金叉距今1-3个交易日且状态良好（-1.5分）",2026-07-27,6.01,5.456,5.883,true,6.82,-11.876832844574785,false,48.87872694673802,13.50820505012434,8.221934825496502,24.08074549938002,,,2026-07-21,4,true,2.7371683051271734,237638600,8.93,26.611265397536396,4.88656195462478,9.773123909249556,2.158762536121023,1.7857142857142487,false,false,false,false,true,98.21428571428575,true,9.65,腾讯前复权日K回退（成交额、换手率已提供）
17,000670,盈方微,F 批发零售,7,200,"站上5日线；站上20日线；RSI区间[49.1, 62.6]；MACD多头；放量（量比1.8-3.8）；日成交额≥1亿元；涨幅-2.7-10.1%",KDJ金叉距今1-3个交易日且状态良好（-1.5分）；换手率5.4-10.7%（-1分）,2026-07-27,6.93,6.098,6.593500000000001,true,7.69,-9.882964889466848,false,50.73467430992859,21.51600204801537,13.736267738731613,37.07547066658289,,,2026-07-21,4,true,2.6948415561967574,687041000,12.29,55.90244100895037,9.305993690851743,8.990536277602516,5.103511033593677,7.017543859649137,false,false,false,false,true,92.98245614035086,true,10.37,腾讯前复权日K回退（成交额、换手率已提供）
18,002189,中光学,C 制造业,7,710,"站上5日线；站上20日线；RSI区间[49.1, 62.6]；MACD多头；放量（量比1.8-3.8）；日成交额≥1亿元；涨幅-2.7-10.1%",KDJ金叉距今1-3个交易日且状态良好（-1.5分）；换手率5.4-10.7%（-1分）,2026-07-27,20,18.014,19.4095,true,22.79,-12.24221149627029,false,54.148243410325804,28.77570302973167,19.053870347244928,48.21936839470515,,,,,false,2.4820624335103267,207678400,4.06,51.152315270935965,4.712041884816753,9.581151832460723,3.042324634843755,13.114754098360581,false,false,false,false,true,86.88524590163942,true,24.58,腾讯前复权日K回退（成交额、换手率已提供）
19,002707,众信旅游,L 商务服务,7,1191,"站上5日线；站上20日线；RSI区间[49.1, 62.6]；MACD多头；放量（量比1.8-3.8）；日成交额≥1亿元；涨幅-2.7-10.1%",KDJ金叉距今1-3个交易日且状态良好（-1.5分）；换手率5.4-10.7%（-1分）,2026-07-27,4.96,4.832,4.8245000000000005,true,5.04,-1.5873015873015885,false,50.00341454361047,10.173376437702974,9.057399896456285,12.40532952019635,2026-07-09,12,2026-07-27,0,true,2.2785840630325986,173730099.99999997,4.08,42.58090686274509,5.982905982905984,5.128205128205114,2.8085812001243546,24.999999999999908,false,false,false,false,false,75.00000000000009,true,6.4,腾讯前复权日K回退（成交额、换手率已提供）
20,000507,珠海港,G 运输仓储,7,94,"站上5日线；站上20日线；RSI区间[49.1, 62.6]；MACD多头；放量（量比1.8-3.8）；日成交额≥1亿元；涨幅-2.7-10.1%",KDJ金叉距今1-3个交易日且状态良好（-1.5分）；换手率5.4-10.7%（-1分）,2026-07-27,5.05,4.896,4.8175,true,5.12,-1.3671875000000056,false,58.804906730181365,28.32342217578764,25.615772440305857,33.73872164675121,2026-07-13,10,,,false,2.116374135518619,120839900,2.69,44.92189591078067,4.554865424430643,5.797101449275368,4.826154644525167,10.714285714285793,false,false,false,false,false,89.2857142857142,true,5.45,腾讯前复权日K回退（成交额、换手率已提供）
21,002612,朗姿股份,C 制造业,7,1104,"站上5日线；站上20日线；RSI区间[49.1, 62.6]；MACD多头；放量（量比1.8-3.8）；日成交额≥1亿元；涨幅-2.7-10.1%",KDJ金叉距今1-3个交易日且状态良好（-1.5分）；换手率5.4-10.7%（-1分）,2026-07-27,12.6,11.866,11.5715,true,12.47,1.0425020048115397,true,58.994830184405785,22.308352206828033,19.010610278376657,28.903836063730786,,,,,false,1.9022166420640525,116087300,3.73,31.122600536193026,10.043668122270756,11.9650655021834,8.888216739402836,0,false,false,false,false,true,100,true,16.54,腾讯前复权日K回退（成交额、换手率已提供）
22,002067,景兴纸业,C 制造业,7,596,"站上5日线；站上20日线；RSI区间[49.1, 62.6]；MACD多头；日成交额≥1亿元；换手率5.4-10.7%；涨幅-2.7-10.1%",KDJ金叉距今1-3个交易日且状态良好（-1.5分）；放量（量比1.8-3.8）（-1分）,2026-07-27,4.34,4.1259999999999994,3.9855000000000005,true,4.4,-1.3636363636363749,false,58.980690811067696,27.174134626143115,22.54813228433588,36.42613930975759,2026-07-03,16,,,false,1.514871274673536,388806600.00000006,6.79,57.26164948453609,4.8309178743961345,5.555555555555545,8.894743444988066,21.739130434782574,false,false,false,false,false,78.26086956521743,true,5.73,腾讯前复权日K回退（成交额、换手率已提供）
23,002251,步步高,F 批发零售,7,770,"站上5日线；站上20日线；RSI区间[49.1, 62.6]；MACD多头；日成交额≥1亿元；换手率5.4-10.7%；涨幅-2.7-10.1%",KDJ金叉距今1-3个交易日且状态良好（-1.5分）；放量（量比1.8-3.8）（-1分）,2026-07-27,3.57,3.4739999999999993,3.4739999999999993,true,3.83,-6.788511749347265,false,49.12396917688675,10.898463749461015,10.186056715886059,12.32327781661093,2026-07-14,9,2026-07-27,0,true,1.2921198815465191,425052900,5.63,75.49785079928952,5.934718100890191,7.121661721068243,2.763385146804852,8.333333333333348,false,false,false,false,false,91.66666666666666,true,5.2,腾讯前复权日K回退（成交额、换手率已提供）
24,002546,新联电子,C 制造业,7,1040,"站上5日线；站上20日线；RSI区间[49.1, 62.6]；MACD多头；日成交额≥1亿元；换手率5.4-10.7%；涨幅-2.7-10.1%",KDJ金叉距今1-3个交易日且状态良好（-1.5分）；放量（量比1.8-3.8）（-1分）,2026-07-27,8.45,7.9959999999999996,7.7204999999999995,true,8.7,-2.873563218390805,false,58.548401938231514,42.820085722147354,34.28830000922925,59.883657147983556,2026-07-23,2,,,false,1.1785375677340328,450153700,6.8,66.19907352941176,3.6809815950920033,5.276073619631898,9.448869891846382,0,false,false,false,false,true,100,true,8.9,腾讯前复权日K回退（成交额、换手率已提供）
25,002566,益盛药业,C 制造业,7,1060,"站上5日线；站上20日线；RSI区间[49.1, 62.6]；MACD多头；日成交额≥1亿元；换手率5.4-10.7%；涨幅-2.7-10.1%",KDJ金叉距今1-3个交易日且状态良好（-1.5分）；放量（量比1.8-3.8）（-1分）,2026-07-27,6.38,6.146,6.247,true,6.88,-7.267441860465117,false,50.06161562324477,18.1172492141775,16.425881521192853,21.499984600146796,2026-07-02,17,,,false,1.1250506785256515,111744200,7.71,14.493411154345006,3.7398373983739797,5.853658536585371,2.129021930526653,11.11111111111111,false,false,false,false,true,88.88888888888889,true,8.35,腾讯前复权日K回退（成交额、换手率已提供）
26,002339,积成电子,C 制造业,7,851,"站上5日线；站上20日线；RSI区间[49.1, 62.6]；MACD多头；日成交额≥1亿元；换手率5.4-10.7%；涨幅-2.7-10.1%",KDJ金叉距今1-3个交易日且状态良好（-1.5分）；放量（量比1.8-3.8）（-1分）,2026-07-27,7.01,6.7540000000000004,6.702,true,7.25,-3.31034482758621,false,50.30151708704403,9.74306989320363,7.070901657782769,15.087406364045352,2026-07-02,17,2026-07-21,4,true,1.1207008616169303,212907599.99999997,6.41,33.214914196567854,2.6354319180087904,4.245973645680821,4.595643091614441,6.896551724138089,false,false,false,false,true,93.10344827586191,true,10.62,腾讯前复权日K回退（成交额、换手率已提供）
27,002955,鸿合科技,C 制造业,7,1410,"站上5日线；站上20日线；RSI区间[49.1, 62.6]；MACD多头；日成交额≥1亿元；换手率5.4-10.7%；涨幅-2.7-10.1%",KDJ金叉距今1-3个交易日且状态良好（-1.5分）；放量（量比1.8-3.8）（-1分）,2026-07-27,33.7,31.076,32.0445,true,39.15,-13.920817369093221,false,60.27170075299725,53.98296095994815,46.804344431036476,68.34019401777151,,,,,false,1.002981713953342,442849900,6.84,64.7441374269006,4.984423676012462,7.6947040498442325,5.166253179172724,12.145748987854143,false,false,false,false,false,87.85425101214585,true,39.15,腾讯前复权日K回退（成交额、换手率已提供）
28,002998,优彩资源,C 制造业,7,1450,"站上5日线；站上20日线；RSI区间[49.1, 62.6]；MACD多头；日成交额≥1亿元；换手率5.4-10.7%；涨幅-2.7-10.1%",KDJ金叉距今1-3个交易日且状态良好（-1.5分）；放量（量比1.8-3.8）（-1分）,2026-07-27,7.29,7.054,7.104000000000001,true,7.8,-6.538461538461536,false,51.03002045073992,22.77308309652931,21.98733843364043,24.344572422307067,2026-07-02,17,,,false,0.9863699318330789,129461500,6.6,19.61537878787879,4.441260744985676,5.587392550143262,2.6182432432432297,20.512820512820547,false,false,false,false,false,79.48717948717945,true,10.28,腾讯前复权日K回退（成交额、换手率已提供）
29,002329,皇氏集团,C 制造业,7,842,"站上5日线；站上20日线；RSI区间[49.1, 62.6]；MACD多头；日成交额≥1亿元；换手率5.4-10.7%；涨幅-2.7-10.1%",KDJ金叉距今1-3个交易日且状态良好（-1.5分）；放量（量比1.8-3.8）（-1分）,2026-07-27,3.24,3.186,3.1965,true,3.61,-10.249307479224367,false,49.525866513485894,27.413947928834755,28.10346158750737,26.034920611489525,2026-07-01,18,,,false,0.8992838390021555,113288000,5.42,20.901845018450185,4.516129032258065,8.387096774193541,1.360863444392314,23.076923076922945,false,false,false,false,false,76.92307692307705,true,4.92,腾讯前复权日K回退（成交额、换手率已提供）
30,000989,九芝堂,C 制造业,7,406,"站上5日线；站上20日线；RSI区间[49.1, 62.6]；MACD多头；日成交额≥1亿元；换手率5.4-10.7%；涨幅-2.7-10.1%",KDJ金叉距今1-3个交易日且状态良好（-1.5分）；放量（量比1.8-3.8）（-1分）,2026-07-27,9.19,9.018,8.739,true,10.32,-10.949612403100781,false,56.94878705587163,57.05653543463797,57.81011380712578,55.54937868966236,,,,,false,0.8571349859839186,389112100,6.19,62.861405492730206,5.028571428571427,6.857142857142853,5.160773543883725,1.6666666666666323,false,false,false,false,false,98.33333333333337,true,10.32,腾讯前复权日K回退（成交额、换手率已提供）
31,003010,若羽臣,I 信息技术,7,1462,"站上5日线；站上20日线；RSI区间[49.1, 62.6]；MACD多头；日成交额≥1亿元；换手率5.4-10.7%；涨幅-2.7-10.1%",KDJ金叉距今1-3个交易日且状态良好（-1.5分）；放量（量比1.8-3.8）（-1分）,2026-07-27,24.87,24.556,24.366500000000002,false,27.3,-8.9010989010989,false,51.61181696866608,26.819514117121837,28.20771257120043,24.043117208964645,2026-07-15,8,,,false,0.8529935139151485,352686900,6.38,55.28007836990596,6.418485237483962,9.157038938810427,2.0663616030205363,9.81308411214942,false,false,false,false,false,90.18691588785059,true,32.7,腾讯前复权日K回退（成交额、换手率已提供）
32,002560,通达股份,C 制造业,6.5,1054,站上5日线；MACD多头；KDJ金叉距今1-3个交易日且状态良好；日成交额≥1亿元；换手率5.4-10.7%；涨幅-2.7-10.1%,"站上20日线（-1分）；RSI区间[49.1, 62.6]（-1分）；放量（量比1.8-3.8）（-1分）",2026-07-27,6.14,5.787999999999999,6.469499999999999,true,7.78,-21.079691516709516,false,39.25084547468963,9.295286063329527,6.670131015547118,14.545596158894346,,,2026-07-23,2,true,1.2246325114656422,376971600.00000006,9.87,38.19367781155017,4.778156996587013,4.778156996587034,-5.093129299018464,3.571428571428809,false,false,false,false,true,96.42857142857119,true,12.9,腾讯前复权日K回退（成交额、换手率已提供）
33,002210,飞马国际,L 商务服务,6.5,731,站上5日线；站上20日线；MACD多头；KDJ金叉距今1-3个交易日且状态良好；日成交额≥1亿元；涨幅-2.7-10.1%,"RSI区间[49.1, 62.6]（-1分）；放量（量比1.8-3.8）（-1分）；换手率5.4-10.7%（-1分）",2026-07-27,2.21,2.162,2.151,true,2.36,-6.355932203389828,false,48.877465466911715,9.849234829585939,8.512993115134487,12.521718258488843,2026-07-03,16,2026-07-23,2,true,1.203993493992484,179373200,3.1,57.86232258064516,3.7558685446009488,5.164319248826286,2.742910274291035,0,false,false,false,false,false,100,true,3.43,腾讯前复权日K回退（成交额、换手率已提供）
34,000753,漳州发展,F 批发零售,6.5,255,站上5日线；站上20日线；MACD多头；KDJ金叉距今1-3个交易日且状态良好；日成交额≥1亿元；涨幅-2.7-10.1%,"RSI区间[49.1, 62.6]（-1分）；放量（量比1.8-3.8）（-1分）；换手率5.4-10.7%（-1分）",2026-07-27,4.52,4.428,4.4495,true,5,-9.600000000000009,false,46.73816611276162,6.463634831984251,5.4406714984315245,8.509561499089704,2026-07-01,18,2026-07-23,2,true,1.092408531765269,111719000,2.52,44.33293650793651,2.494331065759625,5.2154195011337965,1.5844476907517704,4.3478260869568075,false,false,false,false,false,95.65217391304319,true,6.99,腾讯前复权日K回退（成交额、换手率已提供）
35,000626,远大控股,F 批发零售,6.5,177,"站上5日线；站上20日线；RSI区间[49.1, 62.6]；MACD多头；KDJ金叉距今1-3个交易日且状态良好；涨幅-2.7-10.1%",放量（量比1.8-3.8）（-1分）；日成交额≥1亿元（-1分）；换手率5.4-10.7%（-1分）,2026-07-27,6.75,6.428,6.435,true,7.22,-6.509695290858722,false,52.27166783398124,15.750712414738445,12.513273258884032,22.22559072644727,2026-07-07,14,2026-07-23,2,true,1.0252914755994245,81585800,2.42,33.71314049586777,4.976671850699854,5.44323483670295,4.895104895104901,11.42857142857145,false,false,false,false,false,88.57142857142854,true,9.64,腾讯前复权日K回退（成交额、换手率已提供）
36,002749,国光股份,C 制造业,6.5,1228,"站上5日线；站上20日线；RSI区间[49.1, 62.6]；MACD多头；KDJ金叉距今1-3个交易日且状态良好；涨幅-2.7-10.1%",放量（量比1.8-3.8）（-1分）；日成交额≥1亿元（-1分）；换手率5.4-10.7%（-1分）,2026-07-27,8.65,8.362,8.166500000000001,true,8.77,-1.3683010262257609,false,58.98469111359911,19.722460847460482,15.360602788685446,28.446176965010554,2026-07-01,18,2026-07-23,2,true,0.9610260102452063,39827900,0.85,46.856352941176475,1.1695906432748426,2.923976608187134,5.920528990387551,11.999999999999744,false,false,false,true,false,88.00000000000026,true,10.54,腾讯前复权日K回退（成交额、换手率已提供）
37,002667,*ST威领,C 制造业,6.5,1155,站上5日线；MACD多头；KDJ金叉距今1-3个交易日且状态良好；日成交额≥1亿元；换手率5.4-10.7%；涨幅-2.7-10.1%,"站上20日线（-1分）；RSI区间[49.1, 62.6]（-1分）；放量（量比1.8-3.8）（-1分）",2026-07-27,9.45,8.611999999999998,10.214500000000001,true,13.67,-30.87051938551573,false,37.442250171207455,5.352817356662896,3.8467718640735082,8.36490834184167,2026-07-06,15,2026-07-23,2,true,0.8490043857959229,161609300,7.64,21.153049738219895,9.374999999999979,12.38425925925924,-7.4844583680062815,0,false,false,false,false,true,100,true,34.38,腾讯前复权日K回退（成交额、换手率已提供）
38,002062,宏润建设,E 建筑业,6.5,591,站上5日线；站上20日线；MACD多头；KDJ金叉距今1-3个交易日且状态良好；日成交额≥1亿元；涨幅-2.7-10.1%,"RSI区间[49.1, 62.6]（-1分）；放量（量比1.8-3.8）（-1分）；换手率5.4-10.7%（-1分）",2026-07-27,7.36,7.234,7.285500000000001,true,8.14,-9.582309582309586,false,48.79090385073623,19.213902084248115,17.04029685607571,23.561112540592923,2026-07-15,8,2026-07-23,2,true,0.8265072468761844,115852700,1.41,82.16503546099291,-1.6042780748663166,3.7433155080213933,1.022579095463586,21.428571428571587,false,false,false,false,false,57.14285714285714,false,10.48,腾讯前复权日K回退（成交额、换手率已提供）
39,000816,智慧农业,C 制造业,6.5,296,"站上5日线；站上20日线；RSI区间[49.1, 62.6]；MACD多头；KDJ金叉距今1-3个交易日且状态良好；涨幅-2.7-10.1%",放量（量比1.8-3.8）（-1分）；日成交额≥1亿元（-1分）；换手率5.4-10.7%（-1分）,2026-07-27,2.52,2.46,2.4210000000000003,true,2.57,-1.9455252918287869,false,54.45109942757607,17.3745516188518,14.748671150205226,22.626312556144953,2026-07-01,18,2026-07-23,2,true,0.8241841744763208,58323600,1.62,36.002222222222215,2.0242914979756943,2.8340080971659853,4.089219330855008,0,false,false,false,false,false,100,true,3.24,腾讯前复权日K回退（成交额、换手率已提供）
40,000839,国安股份,I 信息技术,6.5,312,站上5日线；站上20日线；MACD多头；KDJ金叉距今1-3个交易日且状态良好；日成交额≥1亿元；涨幅-2.7-10.1%,"RSI区间[49.1, 62.6]（-1分）；放量（量比1.8-3.8）（-1分）；换手率5.4-10.7%（-1分）",2026-07-27,2.55,2.5300000000000002,2.4915,true,2.68,-4.850746268656729,false,49.04905304824685,13.128062932454677,10.593634316312311,18.19692016473941,2026-07-16,7,2026-07-22,3,true,0.8028198569713421,195138900,1.96,99.56066326530613,3.2388663967611198,6.072874493927122,2.347983142685129,33.333333333333535,false,false,false,false,false,66.66666666666647,false,3.71,腾讯前复权日K回退（成交额、换手率已提供）
41,000035,中国天楹,N 公共环保,6.5,25,站上5日线；站上20日线；MACD多头；KDJ金叉距今1-3个交易日且状态良好；日成交额≥1亿元；涨幅-2.7-10.1%,"RSI区间[49.1, 62.6]（-1分）；放量（量比1.8-3.8）（-1分）；换手率5.4-10.7%（-1分）",2026-07-27,4.66,4.5760000000000005,4.5885,true,5.18,-10.038610038610031,false,46.68510301169,8.508746738583847,6.264692631062325,12.996854953626892,,,2026-07-23,2,true,0.7699242002483834,198896500,1.87,106.36176470588234,1.969365426695835,3.5010940919037226,1.558243434673648,0,false,false,false,false,true,100,true,6.79,腾讯前复权日K回退（成交额、换手率已提供）
42,000407,胜利股份,D 水电煤气,6.5,70,"站上5日线；站上20日线；RSI区间[49.1, 62.6]；MACD多头；KDJ金叉距今1-3个交易日且状态良好；涨幅-2.7-10.1%",放量（量比1.8-3.8）（-1分）；日成交额≥1亿元（-1分）；换手率5.4-10.7%（-1分）,2026-07-27,3.86,3.818,3.8015,false,4.05,-4.691358024691357,false,49.63660927631515,14.453135240612278,13.852256451891536,15.654892818053764,2026-07-02,17,2026-07-23,2,true,0.766625090801223,50164500,1.5,33.443,2.1164021164021163,4.761904761904755,1.5388662370117059,11.11111111111114,false,false,false,false,false,88.88888888888886,true,5.03,腾讯前复权日K回退（成交额、换手率已提供）
43,000779,甘咨询,M 科研服务,6,269,"站上5日线；站上20日线；RSI区间[49.1, 62.6]；放量（量比1.8-3.8）；日成交额≥1亿元；涨幅-2.7-10.1%",MACD多头（-1分）；KDJ金叉距今1-3个交易日且状态良好（-1.5分）；换手率5.4-10.7%（-1分）,2026-07-27,10.61,9.766,9.7495,false,12.23,-13.246116107931325,false,59.08763666364758,61.281284358217675,63.94307792891298,55.95769721682707,,,,,false,2.189290673594768,1064930200,21.87,48.69365340649291,6.2062062062062,5.205205205205201,8.826093645827992,13.461538461538527,false,false,false,false,false,86.53846153846148,true,12.23,腾讯前复权日K回退（成交额、换手率已提供）
44,002303,美盈森,C 制造业,6,818,"站上5日线；站上20日线；RSI区间[49.1, 62.6]；放量（量比1.8-3.8）；日成交额≥1亿元；涨幅-2.7-10.1%",MACD多头（-1分）；KDJ金叉距今1-3个交易日且状态良好（-1.5分）；换手率5.4-10.7%（-1分）,2026-07-27,4.68,4.324,4.3870000000000005,true,5.19,-9.826589595375735,false,60.42959141826793,67.92283611248409,66.66954236116483,70.4294236151226,,,,,false,2.0007336172348387,606088100,14.02,43.230249643366626,2.4070021881837933,12.910284463894964,6.678823797583752,5.084745762711908,false,false,false,true,true,94.9152542372881,true,5.19,腾讯前复权日K回退（成交额、换手率已提供）
45,000926,福星股份,K 房地产,6,364,"站上5日线；站上20日线；RSI区间[49.1, 62.6]；MACD多头；放量（量比1.8-3.8）；涨幅-2.7-10.1%",KDJ金叉距今1-3个交易日且状态良好（-1.5分）；日成交额≥1亿元（-1分）；换手率5.4-10.7%（-1分）,2026-07-27,2.07,1.9799999999999998,1.975,true,2.11,-1.8957345971564,false,56.254187672755265,16.814453132288207,14.211982201527055,22.01939499381051,2026-07-14,9,,,false,1.9008509804662865,91256500,2.81,32.47562277580071,5.612244897959173,9.183673469387763,4.8101265822784685,27.7777777777779,false,false,false,false,false,72.2222222222221,true,2.74,腾讯前复权日K回退（成交额、换手率已提供）
46,000721,西安饮食,H 住宿餐饮,6,237,"站上5日线；站上20日线；RSI区间[49.1, 62.6]；MACD多头；放量（量比1.8-3.8）；涨幅-2.7-10.1%",KDJ金叉距今1-3个交易日且状态良好（-1.5分）；日成交额≥1亿元（-1分）；换手率5.4-10.7%（-1分）,2026-07-27,5.87,5.738,5.665,false,6.1,-3.770491803278681,false,51.55125959454895,13.45791756084166,12.908277793395383,14.557197095734214,2026-07-03,16,2026-07-27,0,true,1.814261103230669,90274900,3.03,29.793696369636965,5.5755395683453335,8.992805755395684,3.6187113857016784,35.99999999999994,false,false,false,false,false,64.00000000000006,false,7.7,腾讯前复权日K回退（成交额、换手率已提供）
47,002219,新里程,Q 卫生,6,740,"站上5日线；站上20日线；RSI区间[49.1, 62.6]；MACD多头；日成交额≥1亿元；涨幅-2.7-10.1%",KDJ金叉距今1-3个交易日且状态良好（-1.5分）；放量（量比1.8-3.8）（-1分）；换手率5.4-10.7%（-1分）,2026-07-27,2.09,2.008,1.9255,true,2.11,-0.9478672985782,false,59.435572322799,37.00782453414424,34.41841518941595,42.18664322360081,2026-07-03,16,,,false,1.7113084129894294,272884300,4.02,67.88166666666667,6.091370558375631,6.09137055837564,8.543235523240709,33.33333333333333,false,false,false,false,false,66.66666666666666,false,2.39,腾讯前复权日K回退（成交额、换手率已提供）
48,002627,三峡旅游,N 公共环保,6,1116,"站上5日线；站上20日线；RSI区间[49.1, 62.6]；MACD多头；日成交额≥1亿元；涨幅-2.7-10.1%",KDJ金叉距今1-3个交易日且状态良好（-1.5分）；放量（量比1.8-3.8）（-1分）；换手率5.4-10.7%（-1分）,2026-07-27,5.9,5.714,5.7635,true,6.25,-5.599999999999994,false,49.684298945636755,8.723479634236206,7.493216109111245,11.184006684486128,2026-07-06,15,2026-07-27,0,true,1.599549971559541,110913300,2.74,40.47930656934306,4.982206405693956,7.651245551601433,2.3683525635464693,18.604651162790688,false,false,false,false,false,81.39534883720931,true,7.65,腾讯前复权日K回退（成交额、换手率已提供）
49,002270,华明装备,C 制造业,6,787,"站上5日线；站上20日线；RSI区间[49.1, 62.6]；MACD多头；日成交额≥1亿元；涨幅-2.7-10.1%",KDJ金叉距今1-3个交易日且状态良好（-1.5分）；放量（量比1.8-3.8）（-1分）；换手率5.4-10.7%（-1分）,2026-07-27,19.86,18.348,18.346999999999998,true,20.97,-5.29327610872675,false,56.286973628331886,9.765195366362505,5.6623701933403545,17.970845712406806,2026-07-20,5,,,false,1.568951972893366,686726000,3.98,172.54422110552764,10.027700831024934,8.975069252077567,8.246579822314285,0,false,false,false,false,true,100,true,26.55,腾讯前复权日K回退（成交额、换手率已提供）
50,002190,成飞集成,C 制造业,6,711,"站上5日线；站上20日线；RSI区间[49.1, 62.6]；MACD多头；日成交额≥1亿元；涨幅-2.7-10.1%",KDJ金叉距今1-3个交易日且状态良好（-1.5分）；放量（量比1.8-3.8）（-1分）；换手率5.4-10.7%（-1分）,2026-07-27,23.26,22.116,22.4005,true,24.71,-5.868069607446375,false,50.6039418906252,12.458360230334838,8.313328894241513,20.748422902521487,2026-07-22,3,2026-07-21,4,true,1.5675322328631711,270068000,3.29,82.08753799392098,1.794310722100656,10.021881838074394,3.836967924823109,27.51091703056765,false,false,false,true,false,72.48908296943235,true,36.38,腾讯前复权日K回退（成交额、换手率已提供）
